<?xml version="1.0" encoding="utf-8"?><bwFrame xmlns:xsi="http://www.w3.org/2001/XMLSchema-instance" xmlns:xsd="http://www.w3.org/2001/XMLSchema" default_layout="noprevnonextnosubmit0000000110" textdirection="ltr" device="false"><layouts><layout name="noprevnonextsubmit0000000110" font="Open Sans" controllayout="noprevnonextsubmit0000000110" colorscheme="noprevnonextnosubmit0000000110" string_table="noprevnonextnosubmit0000000110" /><layout name="prevnextnosubmit0000000110" font="Open Sans" controllayout="prevnextnosubmit0000000110" colorscheme="noprevnonextnosubmit0000000110" string_table="noprevnonextnosubmit0000000110" /><layout name="noprevnextnosubmit0000000110" font="Open Sans" controllayout="noprevnextnosubmit0000000110" colorscheme="noprevnonextnosubmit0000000110" string_table="noprevnonextnosubmit0000000110" /><layout name="noprevnonextnosubmit0000000110" font="Open Sans" controllayout="noprevnonextnosubmit0000000110" colorscheme="noprevnonextnosubmit0000000110" string_table="noprevnonextnosubmit0000000110" /></layouts><control_options><optiongroups><optiongroup name="sidebaroptions"><options><option name="title_enabled" value="false"><options><option name="title_text" value="L_3_La_ Realización_del_Servicio_C3" /></options></option><option name="logo_enabled" value="false"><options><option name="logo_url" value="" /></options></option><option name="sidebar_enabled" value="false"><options><option name="sidebarpos" value="left" /></options></option><optionlist name="tabs"><listitems><listitem name="resources" value="false" group="linkright" /><listitem name="outline" value="false" group="sidebar" /><listitem name="glossary" value="false" group="sidebar" /><listitem name="transcript" value="false" group="sidebar" /></listitems></optionlist><option name="time_enabled" value="false"><options><option name="time_format" value="" /></options></option></options></optiongroup><optiongroup name="menuoptions"><options><option name="flow" value="free" /><option name="wraplistitems" value="false" /><option name="tooltips" value="true" /><option name="autocollapse" value="true" /><option name="autonumber" value="false" /></options></optiongroup><optiongroup name="controls"><options><option name="volume" value="true" /><option name="seekbar" value="false" /><option name="search" value="false" /></options></optiongroup><optiongroup name="bottombaroptions"><options><option name="bottombar_enabled" value="true" /></options></optiongroup></optiongroups></control_options><control_layouts><control_layout name="noprevnonextsubmit0000000110"><control name="volume" enabled="true" /><control name="seekbar" enabled="false" /><control name="replay" enabled="false" /><control name="pauseplay" enabled="false" /><control name="previous" enabled="false" /><control name="next" enabled="false" /><control name="submit" enabled="true" /><control name="resources" enabled="false" /><control name="glossary" enabled="false" /><control name="transcript" enabled="false" /><control name="outline" enabled="false"><controls><control name="search" enabled="false" /></controls></control></control_layout><control_layout name="prevnextnosubmit0000000110"><control name="volume" enabled="true" /><control name="seekbar" enabled="false" /><control name="replay" enabled="false" /><control name="pauseplay" enabled="false" /><control name="previous" enabled="true" /><control name="next" enabled="true" /><control name="submit" enabled="false" /><control name="resources" enabled="false" /><control name="glossary" enabled="false" /><control name="transcript" enabled="false" /><control name="outline" enabled="false"><controls><control name="search" enabled="false" /></controls></control></control_layout><control_layout name="noprevnextnosubmit0000000110"><control name="volume" enabled="true" /><control name="seekbar" enabled="false" /><control name="replay" enabled="false" /><control name="pauseplay" enabled="false" /><control name="previous" enabled="false" /><control name="next" enabled="true" /><control name="submit" enabled="false" /><control name="resources" enabled="false" /><control name="glossary" enabled="false" /><control name="transcript" enabled="false" /><control name="outline" enabled="false"><controls><control name="search" enabled="false" /></controls></control></control_layout><control_layout name="noprevnonextnosubmit0000000110"><control name="volume" enabled="true" /><control name="seekbar" enabled="false" /><control name="replay" enabled="false" /><control name="pauseplay" enabled="false" /><control name="previous" enabled="false" /><control name="next" enabled="false" /><control name="submit" enabled="false" /><control name="resources" enabled="false" /><control name="glossary" enabled="false" /><control name="transcript" enabled="false" /><control name="outline" enabled="false"><controls><control name="search" enabled="false" /></controls></control></control_layout></control_layouts><colorschemes><colorscheme name="noprevnonextnosubmit0000000110"><color_group name="timer"><group_colors><color name="duration"><fill type="linear" rotation="90"><colors><color rgb="0x00D7FF" alpha="100" stop="0" /><color rgb="0x00ABFF" alpha="100" stop="255" /></colors></fill></color><color name="elapsed"><fill type="linear" rotation="90"><colors><color rgb="0xFEE347" alpha="100" stop="0" /><color rgb="0xFCCC2A" alpha="100" stop="255" /></colors></fill></color><color name="stroke"><fill type="linear" rotation="90"><colors><color rgb="0xFFFFFF" alpha="100" stop="0" /></colors></fill></color><color name="inner"><fill type="linear" rotation="90"><colors><color rgb="0xCCCCCC" alpha="100" stop="0" /></colors></fill></color><color name="text"><fill type="linear" rotation="90"><colors><color rgb="0xFFFFFF" alpha="100" stop="0" /></colors></fill></color></group_colors></color_group><color_group name="window"><group_colors><color name="text"><fill type="linear" rotation="90"><colors><color rgb="0xFFFFFF" alpha="100" stop="0" /></colors></fill></color><color name="inner"><fill type="linear" rotation="90"><colors><color rgb="0x1D1D1D" alpha="100" stop="0" /><color rgb="0x0B0B0B" alpha="100" stop="255" /></colors></fill></color><color name="bg"><fill type="linear" rotation="90"><colors><color rgb="0x2A2A2A" alpha="100" stop="0" /></colors></fill></color><color name="diva"><fill type="linear" rotation="90"><colors><color rgb="0x313131" alpha="100" stop="0" /></colors></fill></color><color name="divb"><fill type="linear" rotation="90"><colors><color rgb="0x0E0E0E" alpha="100" stop="0" /></colors></fill></color><color name="shadow"><fill type="linear" rotation="90"><colors><color rgb="0x000000" alpha="20" stop="0" /></colors></fill></color></group_colors></color_group><color_group name="editor"><group_colors><color name="slide_text"><fill type="linear" rotation="90"><colors><color rgb="0xFFFFFF" alpha="100" stop="0" /></colors></fill></color><color name="html_text"><fill type="linear" rotation="90"><colors><color rgb="0xFFFFFF" alpha="100" stop="0" /></colors></fill></color><color name="btn_text_shadow"><fill type="linear" rotation="90"><colors><color rgb="0x000000" alpha="100" stop="0" /></colors></fill></color><color name="btn_text"><fill type="linear" rotation="90"><colors><color rgb="0xFFFFFF" alpha="100" stop="0" /></colors></fill></color><color name="btn_border"><fill type="linear" rotation="90"><colors><color rgb="0x030303" alpha="100" stop="0" /></colors></fill></color><color name="btn_hover"><fill type="linear" rotation="90"><colors><color rgb="0x3A3A3A" alpha="100" stop="0" /><color rgb="0x0C0C0C" alpha="100" stop="255" /></colors></fill></color><color name="btn_down"><fill type="linear" rotation="90"><colors><color rgb="0x141414" alpha="100" stop="0" /><color rgb="0x323232" alpha="100" stop="255" /></colors></fill></color><color name="btn_bg"><fill type="linear" rotation="90"><colors><color rgb="0x333333" alpha="100" stop="0" /><color rgb="0x141414" alpha="100" stop="255" /></colors></fill></color></group_colors></color_group><color_group name="listitem"><group_colors><color name="selected_text"><fill type="linear" rotation="90"><colors><color rgb="0xFFFFFF" alpha="100" stop="0" /></colors></fill></color><color name="shadow"><fill type="linear" rotation="90"><colors><color rgb="0x000000" alpha="100" stop="0" /></colors></fill></color><color name="selected"><fill type="linear" rotation="90"><colors><color rgb="0x3F3F3F" alpha="100" stop="0" /></colors></fill></color><color name="text"><fill type="linear" rotation="90"><colors><color rgb="0xFFFFFF" alpha="100" stop="0" /></colors></fill></color><color name="viewed"><fill type="linear" rotation="90"><colors><color rgb="0x878787" alpha="100" stop="0" /></colors></fill></color><color name="hover"><fill type="linear" rotation="90"><colors><color rgb="0x313131" alpha="100" stop="0" /></colors></fill></color><color name="lines"><fill type="linear" rotation="90"><colors><color rgb="0x343434" alpha="100" stop="0" /></colors></fill></color></group_colors></color_group><color_group name="glossary"><group_colors><color name="selected_text"><fill type="linear" rotation="90"><colors><color rgb="0xFFFFFF" alpha="100" stop="0" /></colors></fill></color><color name="selected"><fill type="linear" rotation="90"><colors><color rgb="0x3F3F3F" alpha="100" stop="0" /></colors></fill></color><color name="text"><fill type="linear" rotation="90"><colors><color rgb="0xFFFFFF" alpha="100" stop="0" /></colors></fill></color><color name="hover"><fill type="linear" rotation="90"><colors><color rgb="0x1C1C1C" alpha="100" stop="0" /></colors></fill></color><color name="heading_text"><fill type="linear" rotation="90"><colors><color rgb="0xFFFFFF" alpha="100" stop="0" /></colors></fill></color><color name="diva"><fill type="linear" rotation="90"><colors><color rgb="0x3D3D3D" alpha="100" stop="0" /></colors></fill></color><color name="divb"><fill type="linear" rotation="90"><colors><color rgb="0x202020" alpha="100" stop="0" /></colors></fill></color><color name="divc"><fill type="linear" rotation="90"><colors><color rgb="0x3D3D3D" alpha="100" stop="0" /></colors></fill></color><color name="bg"><fill type="linear" rotation="90"><colors><color rgb="0x333333" alpha="100" stop="0" /></colors></fill></color></group_colors></color_group><color_group name="resource"><group_colors><color name="separator"><fill type="linear" rotation="90"><colors><color rgb="0x2C2C2C" alpha="100" stop="0" /></colors></fill></color></group_colors></color_group><color_group name="outline"><group_colors><color name="search_hover"><fill type="linear" rotation="90"><colors><color rgb="0x757575" alpha="100" stop="0" /></colors></fill></color><color name="search_text"><fill type="linear" rotation="90"><colors><color rgb="0xFFFFFF" alpha="100" stop="0" /></colors></fill></color><color name="icon_color"><fill type="linear" rotation="90"><colors><color rgb="0xFFFFFF" alpha="100" stop="0" /></colors></fill></color><color name="divc"><fill type="linear" rotation="90"><colors><color rgb="0x343434" alpha="100" stop="0" /></colors></fill></color><color name="divb"><fill type="linear" rotation="90"><colors><color rgb="0x363636" alpha="100" stop="0" /></colors></fill></color><color name="diva"><fill type="linear" rotation="90"><colors><color rgb="0x1C1C1C" alpha="100" stop="0" /></colors></fill></color></group_colors></color_group><color_group name="transcript"><group_colors><color name="heading_text"><fill type="linear" rotation="90"><colors><color rgb="0xFFFFFF" alpha="100" stop="0" /></colors></fill></color><color name="div"><fill type="linear" rotation="90"><colors><color rgb="0x2C2C2C" alpha="100" stop="0" /></colors></fill></color></group_colors></color_group><color_group name="tabs"><group_colors><color name="shadow"><fill type="linear" rotation="90"><colors><color rgb="0x000000" alpha="100" stop="0" /></colors></fill></color><color name="hover"><fill type="linear" rotation="90"><colors><color rgb="0x525454" alpha="100" stop="0" /></colors></fill></color><color name="selected"><fill type="linear" rotation="90"><colors><color rgb="0xFFFFFF" alpha="100" stop="0" /></colors></fill></color><color name="text"><fill type="linear" rotation="90"><colors><color rgb="0x727272" alpha="100" stop="0" /></colors></fill></color><color name="bg"><fill type="linear" rotation="90"><colors><color rgb="0x242424" alpha="100" stop="0" /></colors></fill></color></group_colors></color_group><color_group name="seekcontrol"><group_colors><color name="btn_icon_hover"><fill type="linear" rotation="90"><colors><color rgb="0xFFFFFF" alpha="100" stop="0" /></colors></fill></color><color name="btn_icon_shadow"><fill type="linear" rotation="90"><colors><color rgb="0x000000" alpha="100" stop="0" /></colors></fill></color><color name="btn_icon_color"><fill type="linear" rotation="90"><colors><color rgb="0xFFFFFF" alpha="100" stop="0" /></colors></fill></color><color name="seek_position"><fill type="linear" rotation="90"><colors><color rgb="0xFFFFFF" alpha="100" stop="0" /></colors></fill></color><color name="seek_bg"><fill type="linear" rotation="90"><colors><color rgb="0x222222" alpha="100" stop="0" /></colors></fill></color><color name="text_color"><fill type="linear" rotation="90"><colors><color rgb="0x2D2D2D" alpha="100" stop="0" /></colors></fill></color><color name="seek_border"><fill type="linear" rotation="90"><colors><color rgb="0x1A1A1A" alpha="100" stop="0" /><color rgb="0x313131" alpha="100" stop="255" /></colors></fill></color><color name="border"><fill type="linear" rotation="90"><colors><color rgb="0x030303" alpha="100" stop="0" /></colors></fill></color><color name="bg"><fill type="linear" rotation="90"><colors><color rgb="0x333333" alpha="100" stop="0" /><color rgb="0x141414" alpha="100" stop="255" /></colors></fill></color></group_colors></color_group><color_group name="searchinput"><group_colors><color name="text_active"><fill type="linear" rotation="90"><colors><color rgb="0x2D2D2D" alpha="100" stop="0" /></colors></fill></color><color name="bg_active"><fill type="linear" rotation="90"><colors><color rgb="0xFFFFFF" alpha="100" stop="0" /></colors></fill></color><color name="search_text"><fill type="linear" rotation="90"><colors><color rgb="0x2D2D2D" alpha="100" stop="0" /></colors></fill></color><color name="hover_glow"><fill type="linear" rotation="90"><colors><color rgb="0xEB9471" alpha="0" stop="0" /></colors></fill></color><color name="button_hover"><fill type="linear" rotation="90"><colors><color rgb="0x3A3A3A" alpha="100" stop="0" /><color rgb="0x0C0C0C" alpha="100" stop="255" /></colors></fill></color><color name="icon"><fill type="linear" rotation="90"><colors><color rgb="0xFFFFFF" alpha="100" stop="0" /></colors></fill></color><color name="border"><fill type="linear" rotation="90"><colors><color rgb="0x202020" alpha="100" stop="0" /><color rgb="0x161616" alpha="100" stop="255" /></colors></fill></color><color name="bg"><fill type="linear" rotation="90"><colors><color rgb="0xFFFFFF" alpha="100" stop="0" /></colors></fill></color></group_colors></color_group><color_group name="scrollarea"><group_colors><color name="detailb"><fill type="linear" rotation="90"><colors><color rgb="0x1C1C1C" alpha="100" stop="0" /></colors></fill></color><color name="detaila"><fill type="linear" rotation="90"><colors><color rgb="0x595959" alpha="100" stop="0" /></colors></fill></color><color name="shadow"><fill type="linear" rotation="90"><colors><color rgb="0x1C1C1C" alpha="100" stop="0" /></colors></fill></color><color name="icons"><fill type="linear" rotation="90"><colors><color rgb="0xFFFFFF" alpha="100" stop="0" /></colors></fill></color><color name="button_border"><fill type="linear" rotation="90"><colors><color rgb="0x1C1C1C" alpha="100" stop="0" /></colors></fill></color><color name="button_inner"><fill type="linear" rotation="90"><colors><color rgb="0x5A5A5A" alpha="100" stop="0" /><color rgb="0x4A4A4A" alpha="100" stop="255" /></colors></fill></color><color name="button_bg"><fill type="linear" rotation="90"><colors><color rgb="0x4B4B4B" alpha="100" stop="0" /><color rgb="0x3C3C3C" alpha="100" stop="255" /></colors></fill></color><color name="border"><fill type="linear" rotation="90"><colors><color rgb="0x494949" alpha="100" stop="0" /><color rgb="0x494949" alpha="100" stop="255" /></colors></fill></color><color name="bg"><fill type="linear" rotation="0"><colors><color rgb="0x313131" alpha="100" stop="0" /><color rgb="0x363636" alpha="100" stop="128" /></colors></fill></color></group_colors></color_group><color_group name="menu"><group_colors><color name="shadow"><fill type="linear" rotation="90"><colors><color rgb="0x0E0E0E" alpha="100" stop="0" /></colors></fill></color><color name="bg"><fill type="linear" rotation="90"><colors><color rgb="0x242424" alpha="100" stop="0" /></colors></fill></color></group_colors></color_group><color_group name="logo"><group_colors><color name="shadow"><fill type="linear" rotation="90"><colors><color rgb="0x000000" alpha="100" stop="0" /></colors></fill></color><color name="bg"><fill type="linear" rotation="90"><colors><color rgb="0xFFFFFF" alpha="100" stop="0" /></colors></fill></color></group_colors></color_group><color_group name="checkbox"><group_colors><color name="hover"><fill type="linear" rotation="90"><colors><color rgb="0x9C9C9C" alpha="100" stop="0" /></colors></fill></color><color name="text"><fill type="linear" rotation="90"><colors><color rgb="0xFFFFFF" alpha="100" stop="0" /></colors></fill></color><color name="check"><fill type="linear" rotation="90"><colors><color rgb="0x2BC400" alpha="100" stop="0" /></colors></fill></color><color name="bg"><fill type="linear" rotation="90"><colors><color rgb="0xFFFFFF" alpha="100" stop="0" /></colors></fill></color><color name="border"><fill type="linear" rotation="90"><colors><color rgb="0x161616" alpha="100" stop="0" /></colors></fill></color></group_colors></color_group><color_group name="button"><group_colors><color name="btn_icon_color"><fill type="linear" rotation="90"><colors><color rgb="0xFFFFFF" alpha="100" stop="0" /></colors></fill></color><color name="btn_text_shadow"><fill type="linear" rotation="90"><colors><color rgb="0x000000" alpha="100" stop="0" /></colors></fill></color><color name="btn_text"><fill type="linear" rotation="90"><colors><color rgb="0xFFFFFF" alpha="100" stop="0" /></colors></fill></color><color name="btn_border"><fill type="linear" rotation="90"><colors><color rgb="0x030303" alpha="100" stop="0" /></colors></fill></color><color name="btn_hover"><fill type="linear" rotation="90"><colors><color rgb="0x3A3A3A" alpha="100" stop="0" /><color rgb="0x0C0C0C" alpha="100" stop="255" /></colors></fill></color><color name="btn_down"><fill type="linear" rotation="90"><colors><color rgb="0x141414" alpha="100" stop="0" /><color rgb="0x323232" alpha="100" stop="255" /></colors></fill></color><color name="btn_bg"><fill type="linear" rotation="90"><colors><color rgb="0x333333" alpha="100" stop="0" /><color rgb="0x141414" alpha="100" stop="255" /></colors></fill></color><color name="btn_glow"><fill type="linear" rotation="90"><colors><color rgb="0x252525" alpha="100" stop="0" /></colors></fill></color></group_colors></color_group><color_group name="base"><group_colors><color name="text"><fill type="linear" rotation="90"><colors><color rgb="0xFFFFFF" alpha="100" stop="0" /></colors></fill></color><color name="diva"><fill type="linear" rotation="90"><colors><color rgb="0x0E0E0E" alpha="100" stop="0" /></colors></fill></color><color name="divb"><fill type="linear" rotation="90"><colors><color rgb="0x313131" alpha="100" stop="0" /></colors></fill></color><color name="menu_shade"><fill type="linear" rotation="90"><colors><color rgb="0x1B1B1B" alpha="100" stop="0" /><color rgb="0x0A0A0A" alpha="100" stop="255" /></colors></fill></color><color name="border"><fill type="linear" rotation="90"><colors><color rgb="0x292929" alpha="100" stop="0" /><color rgb="0x292929" alpha="100" stop="255" /></colors></fill></color><color name="bg"><fill type="linear" rotation="90"><colors><color rgb="0x1D1D1D" alpha="100" stop="0" /><color rgb="0x0B0B0B" alpha="100" stop="255" /></colors></fill></color><color name="slide_bg"><fill type="linear" rotation="90"><colors><color rgb="0x1D1D1D" alpha="100" stop="0" /><color rgb="0x0B0B0B" alpha="100" stop="255" /></colors></fill></color></group_colors></color_group><color_group name="volume"><group_colors><color name="thumb_border"><fill type="linear" rotation="90"><colors><color rgb="0x1C1C1C" alpha="100" stop="0" /></colors></fill></color><color name="thumb_inner"><fill type="linear" rotation="90"><colors><color rgb="0x5A5A5A" alpha="100" stop="0" /></colors></fill></color><color name="thumb_bg"><fill type="linear" rotation="90"><colors><color rgb="0x4C4C4C" alpha="100" stop="0" /></colors></fill></color><color name="slider_border"><fill type="linear" rotation="90"><colors><color rgb="0x494949" alpha="100" stop="0" /></colors></fill></color><color name="slider_bg"><fill type="linear" rotation="90"><colors><color rgb="0x313131" alpha="100" stop="0" /></colors></fill></color></group_colors></color_group></colorscheme></colorschemes><string_tables><string_table name="noprevnonextnosubmit0000000110"><string id="prev">ANT</string><string id="next">SIG</string><string id="submit">ENVIAR</string><string id="outline">Menú</string><string id="resources">Recursos</string><string id="glossary">Glosario</string><string id="transcript">Notas</string><string id="clear">Borrar y volver al menú</string><string id="search_results">Resultados de la búsqueda</string><string id="filter">Filtro</string><string id="slide_text_chk">Texto Diapositiva</string><string id="transcript_chk">Notas</string><string id="search_in">Buscar en:</string><string id="check_include">De verificación para incluir</string><string id="search">Buscar ...</string><string id="terms">Condiciones</string><string id="definition">Definición</string><string id="acc_definition">definición</string><string id="acc_resources">los recursos</string><string id="acc_search_input">búsqueda</string><string id="acc_pause">pausa</string><string id="acc_play">jugar</string><string id="acc_replay">repetición</string><string id="acc_submit">presentar</string><string id="acc_next">siguiente</string><string id="acc_previous">siguiente</string><string id="acc_volume">volumen</string></string_table></string_tables><sounds enabled="false" /><nav_data><outline><links><slidelink slideid="_player.5vOO2tCjJZE" displaytext="Bienvenidos" expand="true"><links><slidelink slideid="_player.5vOO2tCjJZE.5kHfTW2IrFu" displaytext="Inicio" expand="true" /><slidelink slideid="_player.5vOO2tCjJZE.6Iqo9dveApm" displaytext="Pantalla inicio" expand="true" /><slidelink slideid="_player.5vOO2tCjJZE.66hnJQOly6K" displaytext="Objetivos de aprendizaje" expand="true" /></links></slidelink><slidelink slideid="_player.5ZoWOFpqIUX" displaytext="Producción de Partidos" expand="true"><links><slidelink slideid="_player.5ZoWOFpqIUX.6XfgsE4BBo1" displaytext="Producción de Partidos" expand="true" /><slidelink slideid="_player.5ZoWOFpqIUX.6HV8aHIK7Kq" displaytext="Transmitir un partido de futbol" expand="true" /><slidelink slideid="_player.5ZoWOFpqIUX.63WeGPSkEYF" displaytext="Planificacion en el area de produccion" expand="true" /><slidelink slideid="_player.5ZoWOFpqIUX.5fmVRFPNPng" displaytext="Planificacion en el area de produccion" expand="true" /><slidelink slideid="_player.5ZoWOFpqIUX.6keMGwEzvMe" displaytext="Produccion de partidos" expand="true" /><slidelink slideid="_player.5ZoWOFpqIUX.5qw8Owz0yyZ" displaytext="Corresponsales CDF" expand="true" /></links></slidelink><slidelink slideid="_player.5qWalGlSn0P" displaytext="Contribución y distribución de la señal" expand="true"><links><slidelink slideid="_player.5qWalGlSn0P.6X0NxAsBI49" displaytext="Producción de Partidos" expand="true" /><slidelink slideid="_player.5qWalGlSn0P.5sXEh1UiFwp" displaytext="Pasión del futbol" expand="true" /><slidelink slideid="_player.5qWalGlSn0P.6V38RlC4dM1" displaytext="Contribucion de Señal 1" expand="true" /><slidelink slideid="_player.5qWalGlSn0P.693TXV9xRDA" displaytext="Contribución de Señal 2" expand="true" /><slidelink slideid="_player.5qWalGlSn0P.5xcaWcZxzoT" displaytext="Contribucion de señal 3" expand="true" /><slidelink slideid="_player.5qWalGlSn0P.6PSe7RuABJO" displaytext="Contribucion de señal 3" expand="true" /><slidelink slideid="_player.5qWalGlSn0P.5dFscvRSS8K" displaytext="Distribución de Señales" expand="true" /><slidelink slideid="_player.5qWalGlSn0P.6GKvA2Ms0be" displaytext="Untitled Slide" expand="true" /><slidelink slideid="_player.5qWalGlSn0P.6PBLJHnaa0m" displaytext="Archivos" expand="true" /><slidelink slideid="_player.5qWalGlSn0P.6KnhYbsOrsu" displaytext="Desafíos de Transmisión" expand="true" /></links></slidelink><slidelink slideid="_player.5gCuuzmTQVj" displaytext="Parrilla Programática" expand="true"><links><slidelink slideid="_player.5gCuuzmTQVj.6oPyD1ROrgx" displaytext="Untitled Slide" expand="true" /><slidelink slideid="_player.5gCuuzmTQVj.5bP09IEckEP" displaytext="Campeonatos Nacionales" expand="true" /><slidelink slideid="_player.5gCuuzmTQVj.6Y5DEQdC2zQ" displaytext="Campeonato Nacional" expand="true" /><slidelink slideid="_player.5gCuuzmTQVj.5hp0w4CmrZj" displaytext="Primera B" expand="true" /><slidelink slideid="_player.5gCuuzmTQVj.5s7b8qo0eJC" displaytext="Copa Chile" expand="true" /><slidelink slideid="_player.5gCuuzmTQVj.6fOl4WnBInu" displaytext="Super Copa" expand="true" /><slidelink slideid="_player.5gCuuzmTQVj.5oVQSWk6d2V" displaytext="Fútbol Joven" expand="true" /><slidelink slideid="_player.5gCuuzmTQVj.6IJjqfXz514" displaytext="Nuestros Contenidos" expand="true" /><slidelink slideid="_player.5gCuuzmTQVj.6OnEimsxb2I" displaytext="Aprendamos Futbol" expand="true" /></links></slidelink><slidelink slideid="_player.6Goob481jpF" displaytext="Biblioteca" expand="true"><links><slidelink slideid="_player.6Goob481jpF.6Fk4S10HFL7" displaytext="2" expand="true" /></links></slidelink></links></outline></nav_data><resource_data description="" /><transcript_data /><glossary_data /></bwFrame>